{"name":"Tile_2","url":"F:/**/Objtest/Tile_2/Tile_2.obj","radius":347.357819,"vertexCount":239,"tileAccuracy":0.00198081415,"x":1057.55847,"y":888.485535,"z":1585.25,"children":[{"name":"Tile_2_L13_0","url":"F:/**/Objtest/Tile_2/Tile_2_L13_0.obj","radius":347.357819,"vertexCount":308,"tileAccuracy":0.00255268114,"x":1057.55847,"y":888.485535,"z":1585.25,"children":[{"name":"Tile_2_L14_00","url":"F:/**/Objtest/Tile_2/Tile_2_L14_00.obj","radius":355.122,"vertexCount":677,"tileAccuracy":0.00536825927,"x":1069.47852,"y":888.485535,"z":1590.55,"children":[{"name":"Tile_2_L15_000","url":"F:/**/Objtest/Tile_2/Tile_2_L15_000.obj","radius":355.122,"vertexCount":1460,"tileAccuracy":0.0115770437,"x":1069.47852,"y":888.485535,"z":1590.55,"children":[{"name":"Tile_2_L16_0000t2","url":"F:/**/Objtest/Tile_2/Tile_2_L16_0000t2.obj","radius":359.2271,"vertexCount":4911,"tileAccuracy":0.0380567536,"x":1074.17346,"y":888.485535,"z":1595.375,"children":[{"name":"Tile_2_L17_00000t2","url":"F:/**/Objtest/Tile_2/Tile_2_L17_00000t2.obj","radius":217.757126,"vertexCount":2756,"tileAccuracy":0.0581211857,"x":1035.35352,"y":1027.82556,"z":1583.905,"children":[{"name":"Tile_2_L18_000000t2","url":"F:/**/Objtest/Tile_2/Tile_2_L18_000000t2.obj","radius":104.57943,"vertexCount":739,"tileAccuracy":0.06756969,"x":1114.905,"y":955.6255,"z":1618.65,"children":[{"name":"Tile_2_L19_0000000","url":"F:/**/Objtest/Tile_2/Tile_2_L19_0000000.obj","radius":41.4277878,"vertexCount":278,"tileAccuracy":0.161979973,"x":1154.74,"y":913.5365,"z":1642.825,"children":[]},{"name":"Tile_2_L19_0000010","url":"F:/**/Objtest/Tile_2/Tile_2_L19_0000010.obj","radius":62.7585335,"vertexCount":1120,"tileAccuracy":0.284362584,"x":1087.765,"y":928.3395,"z":1603.38,"children":[{"name":"Tile_2_L20_00000100","url":"F:/**/Objtest/Tile_2/Tile_2_L20_00000100.obj","radius":62.5623741,"vertexCount":1160,"tileAccuracy":0.296368152,"x":1087.77,"y":928.3395,"z":1603.355,"children":[]}]},{"name":"Tile_2_L19_0000020","url":"F:/**/Objtest/Tile_2/Tile_2_L19_0000020.obj","radius":36.07116,"vertexCount":201,"tileAccuracy":0.154481277,"x":1068.44507,"y":995.234,"z":1589.14,"children":[]}]},{"name":"Tile_2_L18_000010t3","url":"F:/**/Objtest/Tile_2/Tile_2_L18_000010t3.obj","radius":115.243279,"vertexCount":5960,"tileAccuracy":0.448760927,"x":968.258545,"y":958.3755,"z":1549.67993,"children":[{"name":"Tile_2_L19_0000100","url":"F:/**/Objtest/Tile_2/Tile_2_L19_0000100.obj","radius":58.59993,"vertexCount":8482,"tileAccuracy":2.47004056,"x":928.2715,"y":923.483032,"z":1530.11,"children":[{"name":"Tile_2_L20_00001000","url":"F:/**/Objtest/Tile_2/Tile_2_L20_00001000.obj","radius":58.4697838,"vertexCount":10061,"tileAccuracy":2.942918,"x":928.209,"y":923.483032,"z":1530.08008,"children":[]}]},{"name":"Tile_2_L19_0000110","url":"F:/**/Objtest/Tile_2/Tile_2_L19_0000110.obj","radius":55.9295044,"vertexCount":2417,"tileAccuracy":0.772671163,"x":928.2715,"y":993.2675,"z":1524.935,"children":[{"name":"Tile_2_L20_00001100","url":"F:/**/Objtest/Tile_2/Tile_2_L20_00001100.obj","radius":55.79257,"vertexCount":3558,"tileAccuracy":1.14301848,"x":928.209,"y":993.265,"z":1524.895,"children":[]}]},{"name":"Tile_2_L19_0000120","url":"F:/**/Objtest/Tile_2/Tile_2_L19_0000120.obj","radius":61.6239166,"vertexCount":2576,"tileAccuracy":0.6783397,"x":1008.038,"y":923.483032,"z":1561.34,"children":[{"name":"Tile_2_L20_00001200","url":"F:/**/Objtest/Tile_2/Tile_2_L20_00001200.obj","radius":61.435318,"vertexCount":2815,"tileAccuracy":0.745834,"x":1008.04053,"y":923.483032,"z":1561.315,"children":[]}]},{"name":"Tile_2_L19_0000130","url":"F:/**/Objtest/Tile_2/Tile_2_L19_0000130.obj","radius":61.4346733,"vertexCount":988,"tileAccuracy":0.261776,"x":1008.038,"y":993.2675,"z":1562.97,"children":[{"name":"Tile_2_L20_00001300","url":"F:/**/Objtest/Tile_2/Tile_2_L20_00001300.obj","radius":61.2569275,"vertexCount":1149,"tileAccuracy":0.306203127,"x":1008.04053,"y":993.265,"z":1563.01,"children":[]}]}]},{"name":"Tile_2_L18_000020t2","url":"F:/**/Objtest/Tile_2/Tile_2_L18_000020t2.obj","radius":114.94973,"vertexCount":1006,"tileAccuracy":0.0761346,"x":966.373535,"y":1097.86011,"z":1571.28,"children":[{"name":"Tile_2_L19_0000200","url":"F:/**/Objtest/Tile_2/Tile_2_L19_0000200.obj","radius":81.3219452,"vertexCount":575,"tileAccuracy":0.08694655,"x":1006.163,"y":1090.6001,"z":1576.335,"children":[]},{"name":"Tile_2_L19_0000210","url":"F:/**/Objtest/Tile_2/Tile_2_L19_0000210.obj","radius":59.57727,"vertexCount":971,"tileAccuracy":0.2735634,"x":928.2715,"y":1063.05,"z":1551.3,"children":[{"name":"Tile_2_L20_00002100","url":"F:/**/Objtest/Tile_2/Tile_2_L20_00002100.obj","radius":59.43993,"vertexCount":1193,"tileAccuracy":0.3376633,"x":928.209,"y":1063.05,"z":1551.2749,"children":[]}]},{"name":"Tile_2_L19_0000220","url":"F:/**/Objtest/Tile_2/Tile_2_L19_0000220.obj","radius":65.2112045,"vertexCount":787,"tileAccuracy":0.185067549,"x":928.2715,"y":1132.875,"z":1580.325,"children":[]}]}]},{"name":"Tile_2_L17_00010t3","url":"F:/**/Objtest/Tile_2/Tile_2_L17_00010t3.obj","radius":191.054977,"vertexCount":10441,"tileAccuracy":0.286039084,"x":981.538452,"y":749.357544,"z":1557.88989,"children":[{"name":"Tile_2_L18_000100t4","url":"F:/**/Objtest/Tile_2/Tile_2_L18_000100t4.obj","radius":99.68832,"vertexCount":6988,"tileAccuracy":0.703176558,"x":934.9115,"y":679.323,"z":1547.395,"children":[{"name":"Tile_2_L19_0001000t1","url":"F:/**/Objtest/Tile_2/Tile_2_L19_0001000t1.obj","radius":45.21352,"vertexCount":1192,"tileAccuracy":0.5830954,"x":902.756,"y":644.306,"z":1518.625,"children":[{"name":"Tile_2_L20_00010000","url":"F:/**/Objtest/Tile_2/Tile_2_L20_00010000.obj","radius":31.1730442,"vertexCount":1249,"tileAccuracy":1.28529847,"x":896.506,"y":626.7975,"z":1518.56,"children":[{"name":"Tile_2_L21_000100000","url":"F:/**/Objtest/Tile_2/Tile_2_L21_000100000.obj","radius":31.0829258,"vertexCount":1250,"tileAccuracy":1.29379725,"x":896.321533,"y":626.7665,"z":1518.53,"children":[]}]},{"name":"Tile_2_L20_00010010","url":"F:/**/Objtest/Tile_2/Tile_2_L20_00010010.obj","radius":23.4805279,"vertexCount":1092,"tileAccuracy":1.98064625,"x":902.6355,"y":661.792,"z":1537.19,"children":[]}]},{"name":"Tile_2_L19_0001010","url":"F:/**/Objtest/Tile_2/Tile_2_L19_0001010.obj","radius":45.3888626,"vertexCount":8162,"tileAccuracy":3.96184969,"x":911.5965,"y":714.13,"z":1536.66992,"children":[{"name":"Tile_2_L20_00010100","url":"F:/**/Objtest/Tile_2/Tile_2_L20_00010100.obj","radius":45.263443,"vertexCount":13688,"tileAccuracy":6.68105173,"x":911.534,"y":714.13,"z":1536.67993,"children":[]}]},{"name":"Tile_2_L19_0001020","url":"F:/**/Objtest/Tile_2/Tile_2_L19_0001020.obj","radius":45.112545,"vertexCount":3834,"tileAccuracy":1.88389826,"x":958.016,"y":714.13,"z":1563.46509,"children":[{"name":"Tile_2_L20_00010200","url":"F:/**/Objtest/Tile_2/Tile_2_L20_00010200.obj","radius":44.9309349,"vertexCount":7434,"tileAccuracy":3.68240571,"x":958.016,"y":714.13,"z":1563.47,"children":[]}]},{"name":"Tile_2_L19_0001030t1","url":"F:/**/Objtest/Tile_2/Tile_2_L19_0001030t1.obj","radius":43.76011,"vertexCount":1614,"tileAccuracy":0.8428431,"x":911.5965,"y":644.306,"z":1553.67993,"children":[{"name":"Tile_2_L20_00010300","url":"F:/**/Objtest/Tile_2/Tile_2_L20_00010300.obj","radius":31.3763218,"vertexCount":1588,"tileAccuracy":1.61304486,"x":911.534,"y":626.7975,"z":1553.705,"children":[{"name":"Tile_2_L21_000103000","url":"F:/**/Objtest/Tile_2/Tile_2_L21_000103000.obj","radius":31.3180065,"vertexCount":1578,"tileAccuracy":1.60886192,"x":911.503,"y":626.7665,"z":1553.7251,"children":[]}]},{"name":"Tile_2_L20_00010310","url":"F:/**/Objtest/Tile_2/Tile_2_L20_00010310.obj","radius":30.1307259,"vertexCount":2166,"tileAccuracy":2.38582873,"x":911.534,"y":661.792,"z":1549.705,"children":[]}]},{"name":"Tile_2_L19_0001040","url":"F:/**/Objtest/Tile_2/Tile_2_L19_0001040.obj","radius":49.0532036,"vertexCount":1132,"tileAccuracy":0.470448047,"x":958.016,"y":644.306,"z":1575.44,"children":[{"name":"Tile_2_L20_00010400",